SourceExcelRow,CustomerID,InteractionID,InteractionDate,Platform,InteractionType,Sentiment
376,11b046f0-b091-4bfb-b0f4-df58bfea039a,01f1c8c8-df21-4d75-adbb-feb6d4c84317,29/04/2024,Instagram,Like,Positive
3007,11b046f0-b091-4bfb-b0f4-df58bfea039a,01f1c8c8-df21-4d75-adbb-feb6d4c84317,2024-03-20 00:00:00,Instagram,Like,Positive
3095,2ddc8052-fbbe-471c-a43e-54b81467423d,04391eb2-8391-44d8-9f45-29edcde96e5d,2023-11-30 00:00:00,Twitter,Share,Very Positive
2185,2ddc8052-fbbe-471c-a43e-54b81467423d,04391eb2-8391-44d8-9f45-29edcde96e5d,2023-11-30 00:00:00,Twitter,Share,Negative
2534,e06f0e16-8e48-483b-b103-9f105b139ca8,071a2657-12a8-4216-9c64-baf9ab5c9420,2024-04-30 00:00:00,Twitter,Share,Very Positive
3168,e06f0e16-8e48-483b-b103-9f105b139ca8,071a2657-12a8-4216-9c64-baf9ab5c9420,2024-04-30 00:00:00,Twitter,Share,Neutral
3086,68afa4cc-e2d5-4150-b358-2e14e7508721,0942889b-a3a9-4039-b4b0-12fb8714c95f,24/01/2024,Twitter,Comment,Negative
2492,68afa4cc-e2d5-4150-b358-2e14e7508721,0942889b-a3a9-4039-b4b0-12fb8714c95f,2024-06-14 00:00:00,Twitter,Comment,Negative
3019,a44b6ca5-c73e-4f7a-919c-617931e33a29,13b59881-5aaf-4510-9dcf-4f9d116bf645,2024-04-06 00:00:00,Instagram,Like,Positive
2137,a44b6ca5-c73e-4f7a-919c-617931e33a29,13b59881-5aaf-4510-9dcf-4f9d116bf645,2023-07-28 00:00:00,Instagram,Like,Positive
1489,ef10b8a1-1014-4edf-a80e-207b7790e894,1966cdba-7e47-48b6-ae29-dd8fbead8527,2023-07-19 00:00:00,Twitter,Comment,Negative
3132,ef10b8a1-1014-4edf-a80e-207b7790e894,1966cdba-7e47-48b6-ae29-dd8fbead8527,2023-07-19 00:00:00,Twitter,Comment,Very Negative
3143,54c10762-4c2c-4b9a-a602-d0069520ab2b,1c28fcb7-81fc-462c-a0a3-785f00070cd7,2024-03-14 00:00:00,Facebook,Like,Positive
188,54c10762-4c2c-4b9a-a602-d0069520ab2b,1c28fcb7-81fc-462c-a0a3-785f00070cd7,2024-03-05 00:00:00,Facebook,Like,Positive
2674,5711d1af-71f2-4b99-a965-3ffdc39d32c8,1c2f510a-5ab5-4575-8f62-8ba8decf1302,2024-06-29 00:00:00,Twitter,Share,
3196,5711d1af-71f2-4b99-a965-3ffdc39d32c8,1c2f510a-5ab5-4575-8f62-8ba8decf1302,2024-06-29 00:00:00,Twitter,Share,Negative
2605,fd7e416c-1740-490d-b816-d909294eaa21,1d1c2f54-2b21-4004-a2ca-2983b01b0242,2023-11-30 00:00:00,Instagram,Share,Neutral
3023,fd7e416c-1740-490d-b816-d909294eaa21,1d1c2f54-2b21-4004-a2ca-2983b01b0242,17/07/2023,Instagram,Share,Neutral
948,a60e0cb6-7b43-44f2-956a-16caae372e9f,37ce93d2-27b5-478f-808c-3095cae7fae1,2023-10-22 00:00:00,Twitter,Comment,Very Negative
3044,a60e0cb6-7b43-44f2-956a-16caae372e9f,37ce93d2-27b5-478f-808c-3095cae7fae1,2023-10-22 00:00:00,Twitter,Comment,Positive
2883,ce2ece8f-91c3-420a-9d80-8b1f5051dc77,3a30bab5-53a0-4169-8244-419e2459dcd9,2023-11-30 00:00:00,Instagram,Share,Positive
3148,ce2ece8f-91c3-420a-9d80-8b1f5051dc77,3a30bab5-53a0-4169-8244-419e2459dcd9,17/06/2024,Instagram,Share,Positive
3042,c0c0ce5a-4539-4013-abca-d0a3e41b4e2a,4639a6fd-3d89-4e1d-b783-f226eb92f14f,23/07/2023,Twitter,Comment,Negative
1296,c0c0ce5a-4539-4013-abca-d0a3e41b4e2a,4639a6fd-3d89-4e1d-b783-f226eb92f14f,2023-11-24 00:00:00,Twitter,Comment,Negative
3128,9b8179f4-f187-4cfd-b12a-0c182539f178,8570854d-62ce-4c74-8a2e-0b85ccc5774e,2024-02-22 00:00:00,Instagram,Comment,Neutral
2703,9b8179f4-f187-4cfd-b12a-0c182539f178,8570854d-62ce-4c74-8a2e-0b85ccc5774e,15/04/2024,Instagram,Comment,Neutral
3122,c3547dd4-61cc-495c-a7a2-b103bbae3835,85cb819c-9451-4028-9ddd-132c55260a68,2023-10-23 00:00:00,Twitter,Share,Positive
2755,c3547dd4-61cc-495c-a7a2-b103bbae3835,85cb819c-9451-4028-9ddd-132c55260a68,23/08/2023,Twitter,Share,Positive
1637,b7b84b81-c61b-4f23-b3db-b18010484122,93d2d3e1-841e-4ece-91c1-3b1998a4cab8,14/05/2024,Twitter,Like,Neutral
3175,b7b84b81-c61b-4f23-b3db-b18010484122,93d2d3e1-841e-4ece-91c1-3b1998a4cab8,2023-12-16 00:00:00,Twitter,Like,Neutral
3063,a56b8bed-1d7a-4cc2-abeb-d847aac0ff74,98cf7859-e4a9-465b-96fe-ed51a1f1aa92,2024-06-04 00:00:00,Facebook,Like,
1242,a56b8bed-1d7a-4cc2-abeb-d847aac0ff74,98cf7859-e4a9-465b-96fe-ed51a1f1aa92,2024-06-04 00:00:00,Facebook,Like,Positive
3036,3ea377e6-1156-457e-8b4e-71fa6663e6bf,9996e3b4-8270-4b04-a675-e00fe91dd835,2023-08-12 00:00:00,Facebook,Like,Positive
2608,3ea377e6-1156-457e-8b4e-71fa6663e6bf,9996e3b4-8270-4b04-a675-e00fe91dd835,2023-07-08 00:00:00,Facebook,Like,Positive
2939,0831f0ad-bf6b-4023-b1bf-acea2388fcf3,a229e2d8-fd5d-44a1-805e-5281a52badf7,2023-12-27 00:00:00,Twitter,Comment,Very Positive
3093,0831f0ad-bf6b-4023-b1bf-acea2388fcf3,a229e2d8-fd5d-44a1-805e-5281a52badf7,2023-12-27 00:00:00,Twitter,Comment,Negative
3177,5659a8c6-0397-4396-b561-52ec1c8a760b,d7f6806b-f348-431e-9198-07f0685d8d8e,2024-01-28 00:00:00,Facebook,Share,Negative
46,5659a8c6-0397-4396-b561-52ec1c8a760b,d7f6806b-f348-431e-9198-07f0685d8d8e,2024-01-28 00:00:00,Facebook,Share,Very Negative
3172,4d20c2b1-2f8a-4066-902c-bd068c2adccc,e5be1d7a-fdba-4e91-8674-577ac01cddf0,2024-05-16 00:00:00,,Like,Very Negative
2664,4d20c2b1-2f8a-4066-902c-bd068c2adccc,e5be1d7a-fdba-4e91-8674-577ac01cddf0,2024-05-16 00:00:00,,Like,Positive
